"","PWS.ID","PWS.Name.x","Counties.Served.x","PWS.Type.2015","PWS.Name.y","PWS.Type","Counties.Served.y"
"1","CA1200751","CHIMNEY TREE","Humboldt","Transient non-community system",NA,NA,NA
"2","CA1502745","SYCAMORE CANYON GOLF COURSE","Kern","Transient non-community system",NA,NA,NA
"3","CA2400222","9-IRON WATER SYSTEM","Merced","Transient non-community system",NA,NA,NA
"4","CA3700952","CROCKER FAMILY TRUST","San Diego","Transient non-community system",NA,NA,NA
"5","CA3601178","THAT CREATIVE CAFE","San Bernardino","Transient non-community system",NA,NA,NA
"6","CA3710308","ANZA BORREGO SP - LUCKY 5","San Diego","Transient non-community system",NA,NA,NA
"7","CA0900670","MARJORIE STREET APTS.","El Dorado","Community water system",NA,NA,NA
"8","CA1300680","ORMAT NEVADA, INC","Imperial","Non-Transient non-community system",NA,NA,NA
"9","CA1500408","CWS COUNTRYWOOD SYSTEM","Kern","Community water system",NA,NA,NA
"10","CA3301132","Diamond Valley Market Water","Riverside","Transient non-community system",NA,NA,NA
"11","CA5200509","SPORTSMAN MOTEL","Tehama","Transient non-community system",NA,NA,NA
"12","CA3600096","Steve Speisser Apts (Dunes)","San Bernardino","Non-Transient non-community system",NA,NA,NA
"13","CA3600610","BAGDAD CAFE, ANDREA PRUITT","San Bernardino","Transient non-community system",NA,NA,NA
"14","CA2702624","UNI-KOOL WS","Monterey","Non-Transient non-community system",NA,NA,NA
"15","CA2702728","ROCKY POINT RESTAURANT WS *CLOSED*","Monterey","Transient non-community system",NA,NA,NA
"16","CA2600732","POKONOBE LODGE RES./STORE","Mono","Transient non-community system",NA,NA,NA
"17","CA2600754","CROWLEY LAKE TRAILER PARK","Mono","Transient non-community system",NA,NA,NA
"18","CA5000570","VALLEY PETERBILT","Stanislaus","Non-Transient non-community system",NA,NA,NA
"19","CA5200057","SIERRA PACIFIC INDUSTRIES","Tehama","Non-Transient non-community system",NA,NA,NA
"20","CA1502163","LINNS VALLEY SCHOOL","Kern","Non-Transient non-community system",NA,NA,NA
"21","CA2600582","YMCA CAMP OF LOS ANGELES #1","Mono","Transient non-community system",NA,NA,NA
"22","CA3603610","CRYSTAL LAKE PROP OWNERS","San Bernardino","Community water system",NA,NA,NA
"23","CA3610127","San Bernardino CSA No. 70, Zone EV-1","San Bernardino","Non-Transient non-community system",NA,NA,NA
"24","CA4200740","CHANNEL ISLAND ADVENTURERS","Santa Barbara","Transient non-community system",NA,NA,NA
"25","CA4410015","LOMPICO COUNTY WATER DISTRICT","Santa Cruz","Community water system",NA,NA,NA
"26","CA2800016","CULINARY INSTITUTE OF AMERICA","Napa","Non-Transient non-community system",NA,NA,NA
"27","CA1000612","CLOVIS CASTLE","Fresno","Transient non-community system",NA,NA,NA
"28","CA3010070","GOLDEN STATE WC - YORBA LINDA","Orange","Community water system",NA,NA,NA
"29","CA3705069","COUNTY LINE BBQ AND CAFE","San Diego","Transient non-community system",NA,NA,NA
"30","CA3400445","BING S MARKET","Sacramento","Transient non-community system",NA,NA,NA
"31","CA0900420","CRYSTAL BASIN MOUNTAIN RESORT","El Dorado","Transient non-community system",NA,NA,NA
"32","CA2702762","LONOAK RD WS #02","Monterey","Community water system",NA,NA,NA
"33","CA1000464","S&K MINI MART","Fresno","Transient non-community system",NA,NA,NA
"34","CA3301141","Aguanga Market Water System","Riverside","Transient non-community system",NA,NA,NA
"35","CA1100709","AFTON STORE","Glenn","Transient non-community system",NA,NA,NA
"36","CA4100604","NESTLDOWN RANCH","San Mateo","Transient non-community system",NA,NA,NA
"37","CA5403203","SMALL STEPS CHILD CARE CENTER","Tulare","Non-Transient non-community system",NA,NA,NA
"38","CA2202048","INDIAN FLAT R V PARK AND CAMPGROUND","Mariposa","Transient non-community system",NA,NA,NA
"39","CA0400175","NORFIELD INDUSTRIES","Butte","Non-Transient non-community system",NA,NA,NA
"40","CA2410307","CDPR-DINOSAUR POINT","Merced","Transient non-community system",NA,NA,NA
"41","CA2410306","CDPR-MEDEIROS","Merced","Transient non-community system",NA,NA,NA
"42","CA1700737","ONENESS INSTITUTE","Lake","Transient non-community system",NA,NA,NA
"43","CA4100532","CUTTER SCOUT RESERVATION","San Mateo","Transient non-community system",NA,NA,NA
"44","CA2910007","NEVADA ID - CASCADE SHORES","Nevada","Community water system",NA,NA,NA
"45","CA3500806","BLOSSOM HILL WINERY","San Benito","Non-Transient non-community system",NA,NA,NA
"46","CA5410054","TULARE CITY WWTP","Tulare","Transient non-community system",NA,NA,NA
"47","CA3705067","MOM S PIE HOUSE","San Diego","Transient non-community system",NA,NA,NA
"48","CA5602107","EVERGREEN TRAILER PARK","Ventura","Community water system",NA,NA,NA
"49","CA4500001","SHASTA CO CSA # 25 KESWICK","Shasta","Community water system",NA,NA,NA
"50","CA5700768","ALFOREX SEEDS LLC","Yolo","Non-Transient non-community system",NA,NA,NA
"51","CA5400638","SIERRA SCHOOL","Tulare","Non-Transient non-community system",NA,NA,NA
"52","CA4500084","MCARTHUR MOBILEHOME PARK","Shasta","Community water system",NA,NA,NA
"53","CA4500091","BIG BEND MOBILE ESTATES","Shasta","Transient non-community system",NA,NA,NA
"54","CA5103007","HAPPY TIME","Sutter","Transient non-community system",NA,NA,NA
"55","CA5700752","K 76 - RD 102","Yolo","Transient non-community system",NA,NA,NA
"56","CA3700935","WILDERNESS GARDENS PRESERVE","San Diego","Transient non-community system",NA,NA,NA
"57","CA3601174","DESERT STAR RANCH","San Bernardino","Transient non-community system",NA,NA,NA
"58","CA2700613","LAGUNITA SCHOOL WS","Monterey","Non-Transient non-community system",NA,NA,NA
"59","CA5700727","CORNER STORE","Yolo","Transient non-community system",NA,NA,NA
"60","CA1000156","BSA/CAMP OLJATO","Fresno","Transient non-community system",NA,NA,NA
"61","CA5500190","WAGNER TRACT IMPROVEMENT ASSOC","Tuolumne","Transient non-community system",NA,NA,NA
"62","CA5700741","UNITED TRAVEL PLAZA","Yolo","Transient non-community system",NA,NA,NA
"63","CA2000503","BATTERSON WORK CENTER (WATER)","Madera","Transient non-community system",NA,NA,NA
"64","CA1600255","OVERLAND STOCKYARD","Kings","Transient non-community system",NA,NA,NA
"65","CA1600258","KINGS COUNTRY CLUB","Kings","Transient non-community system",NA,NA,NA
"66","CA1600290","LA FUENTE MARKET II(WA)","Kings","Transient non-community system",NA,NA,NA
"67","CA2000377","P.A.M - OFFICE","Madera","Non-Transient non-community system",NA,NA,NA
"68","CA1600601","KWRA MRF","Kings","Non-Transient non-community system",NA,NA,NA
"69","CA0706106","LITTORNO & PANFILI WATER SYSTEM","Contra Costa","Transient non-community system",NA,NA,NA
"70","CA0706105","D ANNA YACHT CENTER","Contra Costa","Transient non-community system",NA,NA,NA
"71","CA0708004","BRENTWOOD CREEK FARM","Contra Costa","Non-Transient non-community system",NA,NA,NA
"72","CA0708006","CECCHINI WATER","Contra Costa","Transient non-community system",NA,NA,NA
"73","CA0701988","HOLY CROSS CEMETERY","Contra Costa","Transient non-community system",NA,NA,NA
"74","CA0702185","SUES SWIM SCHOOL","Contra Costa","Transient non-community system",NA,NA,NA
"75","CA0706007","VILLA DE GUADALUPE","Contra Costa","Community water system",NA,NA,NA
"76","CA3901395","WOODBRIDGE COMMUNITY CHURCH","San Joaquin","Transient non-community system",NA,NA,NA
"77","CA3901396","BENETO WATER SYSTEM","San Joaquin","Non-Transient non-community system",NA,NA,NA
"78","CA3900810","JR SIMPLOT CO","San Joaquin","Non-Transient non-community system",NA,NA,NA
"79","CA5800900","OAK RIDGE APARTMENTS","Yuba","Community water system",NA,NA,NA
"80","CA5800902","NAUMES, INC. WELL #9","Yuba","Community water system",NA,NA,NA
"81","CA5800905","ZION S CAMP","Yuba","Transient non-community system",NA,NA,NA
"82","CA5800025","KB PACKING","Yuba","Non-Transient non-community system",NA,NA,NA
"83","CA5800204","STRAWBERRY VALLEY GEN STORE","Yuba","Transient non-community system",NA,NA,NA
"84","CA5800421","NAUMES JUICE PLANT WELL #148","Yuba","Non-Transient non-community system",NA,NA,NA
"85","CA5800534","CAFE COLLAGE","Yuba","Transient non-community system",NA,NA,NA
"86","CA5800907","MOONSHINE CAMPGROUND","Yuba","Transient non-community system",NA,NA,NA
"87","CA5800915","NORCAL LUMBER","Yuba","Non-Transient non-community system",NA,NA,NA
"88","CA0707543","BRENTWOOD MISSIONARY BAPTIST","Contra Costa","Non-Transient non-community system",NA,NA,NA
"89","CA0707557","NEIGHBORHOOD CHURCH","Contra Costa","Non-Transient non-community system",NA,NA,NA
"90","CA1600004","FOUR SEASONS MOBILE HOME PARK","Kings","Community water system",NA,NA,NA
"91","CA1600010","LACEY COURTS MHP","Kings","Community water system",NA,NA,NA
"92","CA1600014","KIT CARSON ELEM SCHOOL","Kings","Non-Transient non-community system",NA,NA,NA
"93","CA1600239","VIDAURRI - ADOBE HACIENDA","Kings","Transient non-community system",NA,NA,NA
"94","CA1600240","RUBALCAVA WATER SYSTEM","Kings","Transient non-community system",NA,NA,NA
"95","CA5800921","BISHOP S PUMPKIN FARM","Yuba","Transient non-community system",NA,NA,NA
"96","CA1600031","LEMOORE MOBILE HOME PARK","Kings","Community water system",NA,NA,NA
"97","CA4500155","SHINGLE SHACK","Shasta","Transient non-community system",NA,NA,NA
"98","CA3010055","SOUTH COAST WD - CAPISTRANO BEACH","Orange","Community water system",NA,NA,NA
"99","CA4901351","CARLISLE WINERY","Sonoma","Transient non-community system",NA,NA,NA
"100","CA1000207","WESTERN ART CENTER","Fresno","Non-Transient non-community system",NA,NA,NA
"101","CA5400695","ARMY CORPS ENGS-SOUTH CAMP 3-1","Tulare","Transient non-community system",NA,NA,NA
"102","CA2400077","LILA S RESTAURANT (FKA HERMANAS CAFE)","Merced","Transient non-community system",NA,NA,NA
"103","CA1210315","WILLIAMS GROVE - STATE PARKS","Humboldt","Transient non-community system",NA,NA,NA
"104","CA1200726","CALIFORNIA REDWOOD CO. - BRAINARD","Humboldt","Non-Transient non-community system",NA,NA,NA
"105","CA5400507","VISALIA - FRESNO SOUTH KOA","Tulare","Transient non-community system",NA,NA,NA
"106","CA2400225","DRISCOLL STRAWBERRY","Merced","Transient non-community system",NA,NA,NA
"107","CA2300503","SUTHERLAND WATERWORKS","Mendocino","Transient non-community system",NA,NA,NA
"108","CA1900631","CAMP CISQUITO / LIVE AGAIN RECOVERY HOME","Los Angeles","Transient non-community system",NA,NA,NA
"109","CA2600579","LOG CABIN WILDERNESS CAMP","Mono","Transient non-community system",NA,NA,NA
"110","CA0900217","BEAR STATE WATER WORKS","El Dorado","Community water system",NA,NA,NA
"111","CA4901311","MARK WEST NEIGHBORHOOD CHURCH","Sonoma","Transient non-community system",NA,NA,NA
"112","CA3901419","SJC MOSSDALE CROSSING PARK","San Joaquin","Transient non-community system",NA,NA,NA
"113","CA1900641","CAMP TWIN VALLEY/SPANISH TRAILS","Los Angeles","Transient non-community system",NA,NA,NA
"114","CA1900912","GORMAN ELEMENTARY SCHOOL/DISTRICT OFFICE","Los Angeles","Non-Transient non-community system",NA,NA,NA
"115","CA5510030","TUD - MONTE GRANDE WATER SYSTEM","Tuolumne","Community water system",NA,NA,NA
"116","CA5510029","TUD - BIG HILL WATER SYSTEM","Tuolumne","Community water system",NA,NA,NA
"117","CA5510027","TUD-CUESTA CENTER-LAMBERT LAKES","Tuolumne","Community water system",NA,NA,NA
"118","CA5510022","TUD-EAST SONORA WATER SYSTEM","Tuolumne","Non-Transient non-community system",NA,NA,NA
"119","CA5510019","TUD -  MONO VILLAGE WATER SYSTEM","Tuolumne","Community water system",NA,NA,NA
"120","CA5510010","TUD - CRYSTAL FALLS WATER SYSTEM","Tuolumne","Community water system",NA,NA,NA
"121","CA3901311","ROYCE FARMS BBQ","San Joaquin","Transient non-community system",NA,NA,NA
"122","CA3400287","CORDOVA SHOOTING CENTER","Sacramento","Transient non-community system",NA,NA,NA
"123","CA0202567","SAND FLAT # 6","Alpine","Transient non-community system",NA,NA,NA
"124","CA5400600","GOLDEN KEY APARTMENTS","Tulare","Community water system",NA,NA,NA
"125","CA5100176","CALVARY CHRISTIAN CENTER","Sutter","Non-Transient non-community system",NA,NA,NA
"126","CA1000356","JACK S BAYOU RESORT","Fresno","Transient non-community system",NA,NA,NA
"127","CA1000505","RAY & LARRY MOLES (HENDERSON RD)","Fresno","Transient non-community system",NA,NA,NA
"128","CA1000452","RAY MOLES FARMS (MARKS AVE)","Fresno","Transient non-community system",NA,NA,NA
"129","CA1009281","HAMMONDS RANCH","Fresno","Community water system",NA,NA,NA
"130","CA0900548","MARK TWAIN MOTEL","El Dorado","Transient non-community system",NA,NA,NA
"131","CA0900636","TRUCKEE CREEK COTTAGES","El Dorado","Transient non-community system",NA,NA,NA
"132","CA3000852","RANCHO MISSION VIEJO","Orange","Community water system",NA,NA,NA
"133","CA4901198","SONOMA DEVELOPMENTAL CENTER-CAMP VIA","Sonoma","Transient non-community system",NA,NA,NA
"134","CA4910202","SONOMA DEVELOPMENTAL CENTER","Sonoma","Community water system",NA,NA,NA
"135","CA1503212","DWR - EDMONSTON PUMPING PLANT","Kern","Non-Transient non-community system",NA,NA,NA
"136","CA5500136","BERKELEY CAMP","Tuolumne","Transient non-community system",NA,NA,NA
"137","CA1200711","YELLOW ROSE","Humboldt","Transient non-community system",NA,NA,NA
"138","CA1000285","WASHINGTON COLONY SCHOOL","Fresno","Non-Transient non-community system",NA,NA,NA
"139","CA4300827","COYOTE STAGE STOP","Santa Clara","Transient non-community system",NA,NA,NA
"140","CA4300504","ARROWHEAD COOPERATIVE COMPANY","Santa Clara","Community water system",NA,NA,NA
"141","CA3400426","COZY VILLA MHP [SWS]","Sacramento","Transient non-community system",NA,NA,NA
"142","CA1000248","DOUBLE L MOBILE RANCH PARK","Fresno","Community water system",NA,NA,NA
"143","CA0300046","DEER RIDGE INN","Amador","Transient non-community system",NA,NA,NA
"144","CA5200609","MOOSE LODGE","Tehama","Transient non-community system",NA,NA,NA
"145","CA1100208","RIVER GLENN","Glenn","Transient non-community system",NA,NA,NA
"146","CA3500565","FAIRVIEW CHILD DEVELOPMENT CENTER","San Benito","Non-Transient non-community system",NA,NA,NA
"147","CA3600125","HINKLEY ELEMENTARY SCHOOL","San Bernardino","Non-Transient non-community system",NA,NA,NA
"148","CA3600577","IRON HOG RESTAURANT & SALOON","San Bernardino","Transient non-community system",NA,NA,NA
"149","CA1000595","LA KEBRADA RESTAURANT","Fresno","Transient non-community system",NA,NA,NA
"150","CA0600061","OLAM SPICES AND VEGETABLE INGREDIENTS","Colusa","Non-Transient non-community system",NA,NA,NA
"151","CA5301022","TRINITY RIVER HATCHERY","Trinity","Transient non-community system",NA,NA,NA
"152","CA2400076","HOPETON SCHOOL","Merced","Non-Transient non-community system",NA,NA,NA
"153","CA5200656","NORCAL NURSERY INC","Tehama","Transient non-community system",NA,NA,NA
"154","CA5201137","MILLSTREAM MOBILE HOME PARK","Tehama","Community water system",NA,NA,NA
"155","CA5400611","PORTERVILLE TRAILER PARK","Tulare","Community water system",NA,NA,NA
"156","CA4000641","CREEKSIDE COMMERCIAL CENTER","San Luis Obispo","Non-Transient non-community system",NA,NA,NA
"157","CA4901387","SONOMA CUTRER","Sonoma","Non-Transient non-community system",NA,NA,NA
"158","CA5100109","WILDEWOOD MUTUAL WATER CO., INC.","Sutter","Community water system",NA,NA,NA
"159","CA1502307","CAMP CONDOR","Kern","Non-Transient non-community system",NA,NA,NA
"160","CA5105009","SIKH TEMPLE GURDWARA","Sutter","Transient non-community system",NA,NA,NA
"161","CA1502273","SUN WORLD INTERNATIONAL, INC.-COM CENTER","Kern","Non-Transient non-community system",NA,NA,NA
"162","CA0400025","SUNDOWN MOBILE HOME PARK","Butte","Community water system",NA,NA,NA
"163","CA0400028","BIG BEND MOBILEHOME PARK","Butte","Community water system",NA,NA,NA
"164","CA0400037","HARMONY MOBILE HOME PARK","Butte","Community water system",NA,NA,NA
"165","CA2210944","GREELEY HILL SQUARE - GOLD RUSH CHARTER","Mariposa","Non-Transient non-community system",NA,NA,NA
"166","CA5403034","USFS-JERKEY MEADOW TRAILHEAD","Tulare","Transient non-community system",NA,NA,NA
"167","CA5403021","USFS-JOHNSONDALE WORK CENTER","Tulare","Transient non-community system",NA,NA,NA
"168","CA5400827","USFS-KENNEDY CAMPGROUND","Tulare","Transient non-community system",NA,NA,NA
"169","CA5400772","USFS-HOT SPRINGS RANGER STATION","Tulare","Transient non-community system",NA,NA,NA
"170","CA1502685","USFS - LK ISABELLA OFFICE WATER SYSTEM","Kern","Transient non-community system",NA,NA,NA
"171","CA5403085","USFS-BLACKROCK TRAILHEAD","Tulare","Transient non-community system",NA,NA,NA
"172","CA4000703","SAN SIMEON CREEK RANCH","San Luis Obispo","Transient non-community system",NA,NA,NA
"173","CA4000711","SAN LUIS BUSINESS PARK","San Luis Obispo","Non-Transient non-community system",NA,NA,NA
"174","CA4000717","200 SUBURBAN ROAD WATER SUPPLY","San Luis Obispo","Non-Transient non-community system",NA,NA,NA
"175","CA4000726","TANK FARM INDUSTRIAL PLAZA","San Luis Obispo","Non-Transient non-community system",NA,NA,NA
"176","CA4000728","WHITSON INDUSTRIAL PARK","San Luis Obispo","Non-Transient non-community system",NA,NA,NA
"177","CA4000743","UPS - SAN LUIS OBISPO","San Luis Obispo","Non-Transient non-community system",NA,NA,NA
"178","CA4200926","RANCHO SAN MARCOS GOLF COURSE","Santa Barbara","Transient non-community system",NA,NA,NA
"179","CA1805009","WEST PATTON VILLAGE CSD","Lassen","Community water system",NA,NA,NA
"180","CA4700644","TRAILER LANE RV PARK","Siskiyou","Transient non-community system",NA,NA,NA
"181","CA0400046","PONDEROSA MOBILE ESTATES","Butte","Community water system",NA,NA,NA
"182","CA0400048","SCOTTY 'S WATERFRONT GARDENS","Butte","Non-Transient non-community system",NA,NA,NA
"183","CA0400049","BUTTE CREEK MHP","Butte","Community water system",NA,NA,NA
"184","CA0605009","RICHMOND HUNTING CLUB - ARBUCKLE","Colusa","Transient non-community system",NA,NA,NA
"185","CA1502142","KERN VALLEY GOLF COURSE","Kern","Transient non-community system",NA,NA,NA
"186","CA4100531","LOG CABIN RANCH","San Mateo","Community water system",NA,NA,NA
"187","CA1510041","NORTH OF THE RIVER MWD","Kern","Community water system",NA,NA,NA
"188","CA2000847","SWEETWATER STEAKHOUSE & SALOON","Madera","Transient non-community system",NA,NA,NA
"189","CA2400239","GOLDEN BY-PRODUCTS, INC","Merced","Non-Transient non-community system",NA,NA,NA
"190","CA0800795","BAR-O RANCH","Del Norte","Non-Transient non-community system",NA,NA,NA
"191","CA3610853","CYA-YOUTH CORRECTIONAL FACILITY","San Bernardino","Community water system",NA,NA,NA
"192","CA4300861","KOVALIK WS","Santa Clara","Transient non-community system",NA,NA,NA
"193","CA1502222","KUNDERT BROTHERS FARMS, INC","Kern","Transient non-community system",NA,NA,NA
"194","CA2300840","MARIPOSA INSTITUTE","Mendocino","Transient non-community system",NA,NA,NA
"195","CA4900688","JOURNEY'S END MOBILE HOME PARK","Sonoma","Community water system",NA,NA,NA
"196","CA3901330","CHEROKEE FREIGHT LINES WATER SYSTEM","San Joaquin","Transient non-community system",NA,NA,NA
"197","CA5700813","SOUTHPORT DELI-MART","Yolo","Transient non-community system",NA,NA,NA
"198","CA0300627","AMADOR STATION","Amador","Transient non-community system",NA,NA,NA
"199","CA0300649","RANCHO CICADA","Amador","Transient non-community system",NA,NA,NA
"200","CA4901111","BELLEVUE UNION SCH DIST-KAWANA SCHOOL","Sonoma","Non-Transient non-community system",NA,NA,NA
"201","CA0500024","MOUNTAIN RANCH KITCHEN, THE","Calaveras","Transient non-community system",NA,NA,NA
"202","CA1100460","OLD ORCHARD R.V. PARK","Glenn","Transient non-community system",NA,NA,NA
"203","CA4900855","WEST FIELD COMMUNITY","Sonoma","Community water system",NA,NA,NA
"204","CA1009258","SAN ANDREAS FARMS","Fresno","Community water system",NA,NA,NA
"205","CA1000603","TWIN VALLEY'S RESTAURANT","Fresno","Transient non-community system",NA,NA,NA
"206","CA1502033","GOLDEN STATE VINTNERS-FRANZIA MCFARLAND","Kern","Transient non-community system",NA,NA,NA
"207","CA5500157","USFS PINECREST REC AREA","Tuolumne","Non-Transient non-community system",NA,NA,NA
"208","CA3302009","SAM S FENCE","Riverside","Community water system",NA,NA,NA
"209","CA0900555","MATTERHORN MOTEL","El Dorado","Transient non-community system",NA,NA,NA
"210","CA0900557","EMERALD PINES RESORT CABINS","El Dorado","Transient non-community system",NA,NA,NA
"211","CA4900786","RANCHO SANTA ROSA MHP","Sonoma","Community water system",NA,NA,NA
"212","CA4400901","DAVENPORT CP","Santa Cruz","Non-Transient non-community system",NA,NA,NA
"213","CA5401065","FANCHER CREEK PACKING INC","Tulare","Non-Transient non-community system",NA,NA,NA
"214","CA0900211","MOTHER LODE RIVER CENTER","El Dorado","Transient non-community system",NA,NA,NA
"215","CA0900408","MADRONE MONTESSORI SCHOOL","El Dorado","Non-Transient non-community system",NA,NA,NA
"216","CA4300922","SIMONSEN LABORATORIES, INC.","Santa Clara","Non-Transient non-community system",NA,NA,NA
"217","CA1900733","JUBILEE SCOUT RANCH","Los Angeles","Transient non-community system",NA,NA,NA
"218","CA0310020","THE OAKS MOBILE HOME PARK","Amador","Community water system",NA,NA,NA
"219","CA2900572","FIVE MILE HOUSE WATER SYSTEM","Nevada","Transient non-community system",NA,NA,NA
"220","CA5500260","USFS BOULDER FLAT","Tuolumne","Transient non-community system",NA,NA,NA
"221","CA1909015","21ST CENTURY HOLINESS TABERNACLE CHURCH","Los Angeles","Transient non-community system",NA,NA,NA
"222","CA5500236","MAYNORDS RECOVERY CENTER","Tuolumne","Transient non-community system",NA,NA,NA
"223","CA2600633","WHITMORE POOL","Mono","Transient non-community system",NA,NA,NA
"224","CA2900540","FOREST LAKE CHRISTIAN SCHOOL","Nevada","Non-Transient non-community system",NA,NA,NA
"225","CA0104010","MORTON SALT COMPANY","Alameda","Non-Transient non-community system",NA,NA,NA
"226","CA5105007","RIVER RANCH CAMP W.S.","Sutter","Transient non-community system",NA,NA,NA
"227","CA4300995","UESUGI FARMS","Santa Clara","Transient non-community system",NA,NA,NA
"228","CA0900108","GOLD COUNTRY BAPTIST CHURCH","El Dorado","Transient non-community system",NA,NA,NA
"229","CA0900646","AL TAHOE ELEM/STMS (WATER SYS)","El Dorado","Non-Transient non-community system",NA,NA,NA
"230","CA1909007","OUR LADY OF FATIMA SCHOOL - HOLY FAMILY","Los Angeles","Non-Transient non-community system",NA,NA,NA
"231","CA3310015","ELSINORE VALLEY MWD - TEMESCAL","Riverside","Community water system",NA,NA,NA
"232","CA1900236","CAMP PAIGE-AFFGBAUGH","Los Angeles","Community water system",NA,NA,NA
"233","CA0600004","RIVER VISTA FARMS","Colusa","Transient non-community system",NA,NA,NA
"234","CA5103002","PLEASANT GROVE STORE & CAFE","Sutter","Transient non-community system",NA,NA,NA
"235","CA1700723","RANCHO DE LA FUENTE","Lake","Transient non-community system",NA,NA,NA
"236","CA1900702","FOLLOWS CAMP","Los Angeles","Community water system",NA,NA,NA
"237","CA1900554","USFS-LITTLE JIMMY A-13","Los Angeles","Transient non-community system",NA,NA,NA
"238","CA1900131","USFS-TEXAS CANYON STATION S-3","Los Angeles","Transient non-community system",NA,NA,NA
"239","CA1900987","USFS-OAK FLATS CAMPGROUND S-13","Los Angeles","Transient non-community system",NA,NA,NA
"240","CA1900736","USFS-LITTLEROCK CAMP V-10, LAKESIDE V-9","Los Angeles","Transient non-community system",NA,NA,NA
"241","CA1900729","USFS-LOS CANTILLES S-2","Los Angeles","Transient non-community system",NA,NA,NA
"242","CA1000330","KINGS CANYON LODGE","Fresno","Transient non-community system",NA,NA,NA
"243","CA1000591","SUMNER PECK RANCH WINERY & FRUIT STAND","Fresno","Transient non-community system",NA,NA,NA
"244","CA5205008","RIVERMILL LLC.","Tehama","Non-Transient non-community system",NA,NA,NA
"245","CA1503482","RIO MESA MUTUAL WATER COMPANY","Kern","Community water system",NA,NA,NA
"246","CA4901195","MOORLAND AVENUE APARTMENTS","Sonoma","Community water system",NA,NA,NA
"247","CA1200779","REDWOOD MEMORIAL HOSPITAL","Humboldt","Non-Transient non-community system",NA,NA,NA
"248","CA4901307","WASHOE CREEK GOLF COURSE","Sonoma","Transient non-community system",NA,NA,NA
"249","CA0105003","CEMEX/ELIOT PLANT","Alameda","Non-Transient non-community system",NA,NA,NA
"250","CA3400381","PITTS STOP RESTAURANT","Sacramento","Transient non-community system",NA,NA,NA
"251","CA4800780","DIXON FRUIT MARKET","Solano","Transient non-community system",NA,NA,NA
"252","CA2500511","UNION PACIFIC RR-LIKELY","Modoc","Transient non-community system",NA,NA,NA
"253","CA3500577","COLE RD MWC","San Benito","Community water system",NA,NA,NA
"254","CA5400894","CAMP SAN JOAQUIN","Tulare","Transient non-community system",NA,NA,NA
"255","CA2903174","DARK HORSE GOLF CLUB WATER SYSTEM","Nevada","Transient non-community system",NA,NA,NA
"256","CA4900922","SMOTHER'S WATER SYSTEM","Sonoma","Transient non-community system",NA,NA,NA
"257","CA4901098","THUNDERBIRD RANCH","Sonoma","Transient non-community system",NA,NA,NA
"258","CA3610061","DWP - SUGARLOAF/ERWIN LAKE","San Bernardino","Community water system",NA,NA,NA
"259","CA1700564","INDIAN VALLEY WATER SYSTEM - YOLO COUNTY","Lake","Transient non-community system",NA,NA,NA
"260","CA5700541","DAVIS GOLF COURSE","Yolo","Transient non-community system",NA,NA,NA
"261","CA2110011","U.S. COAST GUARD - PT. REYES","Marin","Non-Transient non-community system",NA,NA,NA
"262","CA3100077","DRY CREEK ELEMENTARY SCHOOL","Placer","Non-Transient non-community system",NA,NA,NA
"263","CA3100119","MIDDLE MEADOWS CAMPGROUND","Placer","Transient non-community system",NA,NA,NA
"264","CA3200108","TEN-TWO BAR & GRILL","Plumas","Transient non-community system",NA,NA,NA
"265","CA3500817","LICO LABOR CAMP","San Benito","Community water system",NA,NA,NA
"266","CA1900888","CAMP SHALOM / JCA","Los Angeles","Transient non-community system",NA,NA,NA
"267","CA2710003","MONTE DEL LAGO MHC","Monterey","Community water system",NA,NA,NA
"268","CA4000504","VISTA DE LAS FLORES WATER","San Luis Obispo","Community water system",NA,NA,NA
"269","CA4000632","HIDDEN HILLS MOBILODGE","San Luis Obispo","Community water system",NA,NA,NA
"270","CA3200106","FEATHER RIVER INN","Plumas","Transient non-community system",NA,NA,NA
"271","CA3400384","NEW MOON RIVER INN (SWS)","Sacramento","Transient non-community system",NA,NA,NA
"272","CA3400412","SACRAMENTO SIKH SOCIETY","Sacramento","Transient non-community system",NA,NA,NA
"273","CA1900591","STURTEVANT CAMP, UNITED METHODIST","Los Angeles","Transient non-community system",NA,NA,NA
"274","CA1700505","KELLY'S KAMP","Lake","Transient non-community system",NA,NA,NA
"275","CA1009172","VAQUERO FARMS","Fresno","Community water system",NA,NA,NA
"276","CA1000001","ALDER SPRINGS","Fresno","Community water system",NA,NA,NA
"277","CA5403129","TRACT 403 MUTUAL WATER CO","Tulare","Community water system",NA,NA,NA
"278","CA2300823","USFS-EEL RIVER CAMP","Mendocino","Transient non-community system",NA,NA,NA
"279","CA3700823","BARRETT HONOR CAMP","San Diego","Non-Transient non-community system",NA,NA,NA
"280","CA3701241","AL BAHR SHRINE CAMP","San Diego","Transient non-community system",NA,NA,NA
"281","CA5000378","TONY MORRIS / MORRIS DAIRY","","Community water system",NA,NA,NA
"282","CA3301643","SPRING CREST WATER & POWER","Riverside","Community water system",NA,NA,NA
"283","CA5200580","SAINT BERNARD LODGE","Tehama","Transient non-community system",NA,NA,NA
"284","CA5200581","FOREST INN, THE","Tehama","Transient non-community system",NA,NA,NA
"285","CA5305101","FIR COVE & BAILEY CANYON","Trinity","Transient non-community system",NA,NA,NA
"286","CA4600070","TNF-COLD CREEK CG","Sierra","Transient non-community system",NA,NA,NA
"287","CA1900992","BIG OAKS LODGE","Los Angeles","Transient non-community system",NA,NA,NA
"288","CA1900041","PROPERTY OWNERS WATER SYSTEM","Los Angeles","Community water system",NA,NA,NA
"289","CA4300624","NATIONAL 9 INN","Santa Clara","Transient non-community system",NA,NA,NA
"290","CA3601076","CREEK SIDE KITCHEN","San Bernardino","Transient non-community system",NA,NA,NA
"291","CA3701518","NARCONON SOUTHERN CALIFORNIA","San Diego","Transient non-community system",NA,NA,NA
"292","CA3303100","OASIS GARDENS WATER CO.","Riverside","Community water system",NA,NA,NA
"293","CA3701760","LAKE MORENA TRAILER RESORT","San Diego","Community water system",NA,NA,NA
"294","CA3100063","OPHIR GARDENS","Placer","Community water system",NA,NA,NA
"295","CA5200607","RED BLUFF STATE PRESCHOOL","Tehama","Non-Transient non-community system",NA,NA,NA
"296","CA5200596","SPECIALIZED FIBERS","Tehama","Non-Transient non-community system",NA,NA,NA
"297","CA0900579","MIDWAY MOTEL ANNEX","El Dorado","Transient non-community system",NA,NA,NA
"298","CA0900586","LAKE TAHOE INN","El Dorado","Transient non-community system",NA,NA,NA
"299","CA5301012","TRINITY RIVER LODGE","Trinity","Community water system",NA,NA,NA
"300","CA1502084","FRAZIER WOODS CONFERENCE CENTER","Kern","Transient non-community system",NA,NA,NA
"301","CA1009006","PAPPAS & CO (COALINGA)","Fresno","Community water system",NA,NA,NA
"302","CA1000536","CON AGRA FOODS, CULINARY BUSINESS F","Fresno","Non-Transient non-community system",NA,NA,NA
"303","CA3601060","ROBERTSON'S READY MIX INC","San Bernardino","Non-Transient non-community system",NA,NA,NA
"304","CA3601078","STANDARD FEEDING CO","San Bernardino","Transient non-community system",NA,NA,NA
"305","CA1502008","HOSKING AVENUE SWAP MEET","Kern","Transient non-community system",NA,NA,NA
"306","CA3301648","SUGARLOAF CAFE","Riverside","Transient non-community system",NA,NA,NA
"307","CA3301980","CABAZON WATER DIST. - ATTN: CALVIN LOUIE","Riverside","Non-Transient non-community system",NA,NA,NA
"308","CA3302041","LA HACIENDA/GONZALES WATER SYS","Riverside","Transient non-community system",NA,NA,NA
"309","CA3302045","RANCHO SAN MIGUEL LABOR CAMP","Riverside","Community water system",NA,NA,NA
"310","CA3302079","AIDA AGUIRRE","Riverside","Community water system",NA,NA,NA
"311","CA5200628","OAK CREEK GOLF CLUB","Tehama","Transient non-community system",NA,NA,NA
"312","CA5200630","FIRE MOUNTAIN LODGE","Tehama","Transient non-community system",NA,NA,NA
"313","CA5200637","BOONEDOCK HOMESTEADERS, INC.","Tehama","Transient non-community system",NA,NA,NA
"314","CA1900553","WM. S. HART HIGH / PLACERITA JR HIGH SCH","Los Angeles","Non-Transient non-community system",NA,NA,NA
"315","CA5301018","TRINITY ALPS MARINA","Trinity","Transient non-community system",NA,NA,NA
"316","CA1900547","FIRESTONE SCOUT RESERVATION","Los Angeles","Transient non-community system",NA,NA,NA
"317","CA1200698","MOBILE ESTATES  FN","Humboldt","Community water system",NA,NA,NA
"318","CA1000172","LAKESHORE RESORT","Fresno","Transient non-community system",NA,NA,NA
"319","CA1010058","EZ TRIP TRUCK STOP","Fresno","Transient non-community system",NA,NA,NA
"320","CA0400152","CYPRESS ACRES","Butte","Non-Transient non-community system",NA,NA,NA
"321","CA3301046","BOE DEL HEIGHTS MUTUAL WATER","Riverside","Community water system",NA,NA,NA
"322","CA5700814","95 FOODMART #3","Yolo","Transient non-community system",NA,NA,NA
"323","CA3701478","PHOENIX HOUSE FOUNDATION, INC.","San Diego","Non-Transient non-community system",NA,NA,NA
"324","CA5700824","SATIETY WINERY","Yolo","Transient non-community system",NA,NA,NA
"325","CA5700591","WEST SAC TRUCK STOP","Yolo","Transient non-community system",NA,NA,NA
"326","CA3302081","PEREZ WATER","Riverside","Transient non-community system",NA,NA,NA
"327","CA3205002","PLUMAS COUNTY SIERRA HOUSE","Plumas","Transient non-community system",NA,NA,NA
"328","CA0900114","CAMP NAUVOO WATER SYSTEM","El Dorado","Transient non-community system",NA,NA,NA
"329","CA0900202","CHILI BAR RIVER PARK WATER SYSTEM","El Dorado","Transient non-community system",NA,NA,NA
"330","CA0900305","CAMP VIRNER RESTAURANT","El Dorado","Transient non-community system",NA,NA,NA
"331","CA4810029","MARTIN'S METAL FABRICATION","Solano","Non-Transient non-community system",NA,NA,NA
"332","CA0900533","EAGLE FALLS","El Dorado","Transient non-community system",NA,NA,NA
"333","CA2300547","BLACKBERRY INN","Mendocino","Transient non-community system",NA,NA,NA
"334","CA4900822","MOUNT TAYLOR MOBILE HOME PARK","Sonoma","Community water system",NA,NA,NA
"335","CA3600394","NEW BEGINNINGS MHP","San Bernardino","Transient non-community system",NA,NA,NA
"336","CA2900624","PENN VALLEY COMMUNITY CHURCH","Nevada","Transient non-community system",NA,NA,NA
"337","CA2902398","CREATIVE KIDS PRESCHOOL WATER SYSTEM","Nevada","Non-Transient non-community system",NA,NA,NA
"338","CA2204090","BOOTJACK STOMPERS HALL","Mariposa","Transient non-community system",NA,NA,NA
"339","CA2500515","MJUSD-STATE LINE SCHOOL","Modoc","Non-Transient non-community system",NA,NA,NA
"340","CA0900539","SUNRAY TAHOE HOTEL","El Dorado","Transient non-community system",NA,NA,NA
"341","CA4700575","BUTTE VALLEY MIDDLE SCHOOL","Siskiyou","Non-Transient non-community system",NA,NA,NA
"342","CA5410052","LSID - EL RANCHO","Tulare","Community water system",NA,NA,NA
"343","CA4000722","FIERO LANE WATER COMPANY, INC.","San Luis Obispo","Non-Transient non-community system",NA,NA,NA
"344","CA4000512","BELLA VISTA MOBILE LODGE","San Luis Obispo","Community water system",NA,NA,NA
"345","CA1900528","USFS-CHARLTON FLATS A-8","Los Angeles","Transient non-community system",NA,NA,NA
"346","CA0400066","DURHAM UNIFIED SCHOOL DISTRICT","Butte","Non-Transient non-community system",NA,NA,NA
"347","CA1700526","PINE GROVE WATER SYSTEM","Lake","Community water system",NA,NA,NA
"348","CA1700501","ADAMS SPRINGS WATER DISTRICT","Lake","Community water system",NA,NA,NA
"349","CA0400080","CUSD - COHASSET ELEMENTARY SCHOOL","Butte","Non-Transient non-community system",NA,NA,NA
"350","CA0400107","FEATHER FALLS SCHOOL","Butte","Non-Transient non-community system",NA,NA,NA
"351","CA0400112","ONE MILE DAM REC AREA","Butte","Transient non-community system",NA,NA,NA
"352","CA0400116","BIDWELL PARK--- CAPER ACRES","Butte","Transient non-community system",NA,NA,NA
"353","CA0900542","BAYVIEW CAMPGROUND","El Dorado","Transient non-community system",NA,NA,NA
"354","CA1000164","CEDAR CREST RESORT","Fresno","Transient non-community system",NA,NA,NA
"355","CA1200792","PATRICK'S POINT INN","Humboldt","Transient non-community system",NA,NA,NA
"356","CA1900620","CAMP VALCREST","Los Angeles","Transient non-community system",NA,NA,NA
"357","CA1900831","DECKER CANYON YOUTH CAMP","Los Angeles","Transient non-community system",NA,NA,NA
"358","CA1800560","MOUNTAIN MEADOW RANCH","Lassen","Transient non-community system",NA,NA,NA
"359","CA1900806","BLUE SKIES MOBILE HOME PARK","Los Angeles","Community water system",NA,NA,NA
"360","CA4901001","WINE COUNTRY RV PARK","Sonoma","Transient non-community system",NA,NA,NA
"361","CA1900644","USFS-HORSE FLATS A-10","Los Angeles","Transient non-community system",NA,NA,NA
"362","CA3601094","FUJI NATURAL FOOD","San Bernardino","Non-Transient non-community system",NA,NA,NA
"363","CA1900305","CHALLENGER MEMORIAL YOUTH CENTER","Los Angeles","Non-Transient non-community system",NA,NA,NA
"364","CA1502666","WILCOX WATER SYSTEM","Kern","Community water system",NA,NA,NA
"365","CA0400125","GENETIC RESOURCE CENTER","Butte","Transient non-community system",NA,NA,NA
"366","CA1900212","CAMP SINGING PINES","Los Angeles","Transient non-community system",NA,NA,NA
"367","CA0400052","DESABLA - CAMP 1","Butte","Transient non-community system",NA,NA,NA
"368","CA1900834","CAMP EATON","Los Angeles","Transient non-community system",NA,NA,NA
"369","CA0310015","RABB PARK COMMUNITY SER. DIST.","Amador","Community water system",NA,NA,NA
"370","CA1000166","CAMP EL-O-WIN","Fresno","Transient non-community system",NA,NA,NA
"371","CA3301153","CVUSD, WESTSIDE SCHOOL","Riverside","Non-Transient non-community system",NA,NA,NA
"372","CA4700539","MACDOEL WATERWORKS","Siskiyou","Community water system",NA,NA,NA
"373","CA3301276","THERMAL MUTUAL WATER COMPANY","Riverside","Community water system",NA,NA,NA
"374","CA3301372","LA QUINTA RIDGE MOBILE ESTATES","Riverside","Community water system",NA,NA,NA
"375","CA3600182","HINKLEY MARKET & GAS","San Bernardino","Transient non-community system",NA,NA,NA
"376","CA3700020","ALPINE RANGER STATION","San Diego","Transient non-community system",NA,NA,NA
"377","CA1900665","SIERRA PELONA MOTEL","Los Angeles","Transient non-community system",NA,NA,NA
"378","CA4901344","GIORGIO S RESTAURANT","Sonoma","Transient non-community system",NA,NA,NA
"379","CA0800666","GRASSY FLAT CAMPGROUND","Del Norte","Transient non-community system",NA,NA,NA
"380","CA1503361","CAL MAT - PANAMA LANE FACILITY","Kern","Non-Transient non-community system",NA,NA,NA
"381","CA5400697","ARMY CORPS ENGS-ROCKY HILL","Tulare","Transient non-community system",NA,NA,NA
"382","CA4901153","JIMTOWN STORE","Sonoma","Transient non-community system",NA,NA,NA
"383","CA1009035","PILIBOS BROTHERS RANCH","Fresno","Community water system",NA,NA,NA
"384","CA4901396","RAVENSWOOD WINERY","Sonoma","Transient non-community system",NA,NA,NA
"385","CA1500508","TWIN PINES MOBILEHOME PARK","Kern","Community water system",NA,NA,NA
"386","CA3301477","100 PALMS MARKET","Riverside","Community water system",NA,NA,NA
"387","CA3500921","BLACKBURN ENT, LLC DBA PIETRA S. WINERY","San Benito","Transient non-community system",NA,NA,NA
"388","CA1700719","HILLTOP RECOVERY CENTER","Lake","Non-Transient non-community system",NA,NA,NA
"389","CA4901380","DA VERO FARMS","Sonoma","Transient non-community system",NA,NA,NA
"390","CA3900726","BENTLEY TRAILER COURT","San Joaquin","Community water system",NA,NA,NA
"391","CA1502413","BRADY S MINI MART","Kern","Transient non-community system",NA,NA,NA
"392","CA1009131","COIT RANCH CORPORATION","Fresno","Non-Transient non-community system",NA,NA,NA
"393","CA5305402","BAR 717 RANCH","Trinity","Transient non-community system",NA,NA,NA
"394","CA0600011","DEL ORO WATER CO.-WALNUT RANCH","Colusa","Community water system",NA,NA,NA
"395","CA5601206","LIMONEIRA CO. - MCKEVETT","Ventura","Community water system",NA,NA,NA
"396","CA1910141","RURBAN HOMES MUTUAL WATER CO.","Los Angeles","Community water system",NA,NA,NA
"397","CA3400140","ASPEN GROVE MH & RV PARK (SWS)","Sacramento","Community water system",NA,NA,NA
"398","CA1502153","LAKE ISABELLA MOTEL & TRAILER PARK","Kern","Transient non-community system",NA,NA,NA
"399","CA1000112","FAIRMONT SCHOOL","Fresno","Non-Transient non-community system",NA,NA,NA
"400","CA2702621","IVERSON RD WS #03","Monterey","Non-Transient non-community system",NA,NA,NA
"401","CA2700851","MONTEREY ROSES WS","Monterey","Transient non-community system",NA,NA,NA
"402","CA2702626","JOHNSON CYN WS #01","Monterey","Non-Transient non-community system",NA,NA,NA
"403","CA5201068","GOTT COUNTRY STORE","Tehama","Transient non-community system",NA,NA,NA
"404","CA5700672","BRANIGAN'S  TURKEY FARM","Yolo","Transient non-community system",NA,NA,NA
"405","CA5700716","MOUNTAIN VALLEY GOLF CENTER","Yolo","Transient non-community system",NA,NA,NA
"406","CA5700769","FRATERNAL ORDER OF EAGLES #2345","Yolo","Transient non-community system",NA,NA,NA
"407","CA1400180","BIG PINE CREEK CAMPGROUND","Inyo","Transient non-community system",NA,NA,NA
"408","CA4100537","SILVA WHOLESALE FLORIST","San Mateo","Community water system",NA,NA,NA
"409","CA1400190","ONION VALLEY CAMPGROUND","Inyo","Transient non-community system",NA,NA,NA
"410","CA4400542","ROLLING WOODS MUTUAL WATER CO","Santa Cruz","Community water system",NA,NA,NA
"411","CA2702601","LEWIS RD WS #20","Monterey","Community water system",NA,NA,NA
"412","CA2701165","SENSIENT DEHYDRATED**CLOSED**","Monterey","Non-Transient non-community system",NA,NA,NA
"413","CA5403009","SUPER STOP","Tulare","Transient non-community system",NA,NA,NA
"414","CA3705026","ERRECA S ASSOCIATES","San Diego","Transient non-community system",NA,NA,NA
"415","CA3700023","COLEMAN CREEK VILLAGE","San Diego","Transient non-community system",NA,NA,NA
"416","CA2800579","NAPA-SOLANO GIRL SCOUTS","Napa","Transient non-community system",NA,NA,NA
"417","CA5403013","PRINCE MART","Tulare","Transient non-community system",NA,NA,NA
"418","CA3601124","ETIWANDA GENERATING STATION","San Bernardino","Non-Transient non-community system",NA,NA,NA
"419","CA3601127","NRG ENERGY COOLWATER","San Bernardino","Non-Transient non-community system",NA,NA,NA
"420","CA3601132","DUCOMMUN AEROSTRUCTURES","San Bernardino","Non-Transient non-community system",NA,NA,NA
"421","CA3601024","PARKER DAM & POWER PLANT","San Bernardino","Non-Transient non-community system",NA,NA,NA
"422","CA3302088","RANCHO LA MESA RICA","Riverside","Community water system",NA,NA,NA
"423","CA3302093","COUNTY WATER OF RIVERSIDE","Riverside","Community water system",NA,NA,NA
"424","CA3303012","BEL AIR GREENS, LP","Riverside","Transient non-community system",NA,NA,NA
"425","CA3302008","SANCHEZ WATER WELL","Riverside","Community water system",NA,NA,NA
"426","CA3600316","UNION PACIFIC RR / YERMO","San Bernardino","Non-Transient non-community system",NA,NA,NA
"427","CA2800717","NAPA PIPE REDEVELOPMENT PARTNERS","Napa","Non-Transient non-community system",NA,NA,NA
"428","CA1400502","BAKER CREEK CAMPGROUND","Inyo","Transient non-community system",NA,NA,NA
"429","CA1900034","MARTINEZ/SIERRA HIGHWAY SHELL STATION","Los Angeles","Transient non-community system",NA,NA,NA
"430","CA1900126","THE ROBIN S NEST RECR. RESORT","Los Angeles","Community water system",NA,NA,NA
"431","CA2905004","CALTRANS - DONNER PASS VIS","Nevada","Non-Transient non-community system",NA,NA,NA
"432","CA3601055","ROADRUNNER MHP","San Bernardino","Community water system",NA,NA,NA
"433","CA3303028","SHADY ACRES","Riverside","Community water system",NA,NA,NA
"434","CA4901337","ALEXANDER VALLEY RV PARK & CAMPGROUND","Sonoma","Transient non-community system",NA,NA,NA
"435","CA4400701","QUAKER CENTER","Santa Cruz","Transient non-community system",NA,NA,NA
"436","CA4400703","LITTLE BASIN CAMPGROUND","Santa Cruz","Transient non-community system",NA,NA,NA
"437","CA4400706","CAMP HAMMER","Santa Cruz","Transient non-community system",NA,NA,NA
"438","CA4400707","CAMP LINDBLAD","Santa Cruz","Transient non-community system",NA,NA,NA
"439","CA4400721","SKYLARK RANCH GIRL SCOUT CAMP","Santa Cruz","Transient non-community system",NA,NA,NA
"440","CA4400807","MT MADONNA INN RESTAURANT","Santa Cruz","Transient non-community system",NA,NA,NA
"441","CA5000057","PATIO VILLAGE MOBILEHOME PARK","Stanislaus","Community water system",NA,NA,NA
"442","CA3601119","FOUR CORNERS ARCO AMPM","San Bernardino","Transient non-community system",NA,NA,NA
"443","CA3303081","IDYLLWILD ARTS FOUNDATION","Riverside","Non-Transient non-community system",NA,NA,NA
"444","CA5200516","LAZY CORRAL MOBILE HOME PARK","Tehama","Community water system",NA,NA,NA
"445","CA5000051","MOBILE PLAZA PARK","Stanislaus","Community water system",NA,NA,NA
"446","CA4400659","BLUFF RESIDENTS WATER","Santa Cruz","Transient non-community system",NA,NA,NA
"447","CA5000442","VALLEY DISTRIBUTORS, INC.","Stanislaus","Non-Transient non-community system",NA,NA,NA
"448","CA3301735","WALLER TRACT WATER DISTRICT","Riverside","Community water system",NA,NA,NA
"449","CA3301850","DELARA RENTALS","Riverside","Community water system",NA,NA,NA
"450","CA3301227","KAISER EAGLE MOUNTAIN WATER","Riverside","Community water system",NA,NA,NA
"451","CA5500219","CAMP JOHN MENSINGER","Tuolumne","Transient non-community system",NA,NA,NA
"452","CA3701983","DUDLEY S BAKERY","San Diego","Transient non-community system",NA,NA,NA
"453","CA3600615","ACE MOTEL","San Bernardino","Transient non-community system",NA,NA,NA
"454","CA1000615","ROCK HAVEN, INC.","Fresno","Transient non-community system",NA,NA,NA
"455","CA4500100","SHASTA MARINA RESORT","Shasta","Transient non-community system",NA,NA,NA
"456","CA4400900","EXPLORING NEW HORIZONS-SEMPERVIRENS","Santa Cruz","Transient non-community system",NA,NA,NA
"457","CA5304101","Hawkins Bar Trailer Park","","Transient non-community system",NA,NA,NA
"458","CA3301556","RIV.COUNTY DISASTER PREP INDIO","Riverside","Transient non-community system",NA,NA,NA
"459","CA5000247","CERVANTES LABOR CAMP","","Transient non-community system",NA,NA,NA
"460","CA3105853","KIDD LAKE","Placer","Transient non-community system",NA,NA,NA
"461","CA3107313","AQUAPURE","Placer","Non-Transient non-community system",NA,NA,NA
"462","CA3106501","CISCO GROVE CAMPGROUND & RV PARK","Placer","Transient non-community system",NA,NA,NA
"463","CA5301003","LEWISTON PARK MWC","Trinity","Community water system",NA,NA,NA
"464","CA1907036","NEW APOSTOLIC CHURCH BOUQUET CANYON","Los Angeles","Non-Transient non-community system",NA,NA,NA
"465","CA1900706","CHAMPION WATER MUTUAL","Los Angeles","Community water system",NA,NA,NA
"466","CA4900890","REDWOOD ADVENTIST ACADEMY","Sonoma","Non-Transient non-community system",NA,NA,NA
"467","CA3301593","COYOTE SPRINGS VILLAGE","Riverside","Transient non-community system",NA,NA,NA
"468","CA1900509","BAXTER MUTUAL WATER CO.","Los Angeles","Community water system",NA,NA,NA
"469","CA3810002","HHW&P-CHERRY COMPOUND - SFPUC","San Francisco","Transient non-community system",NA,NA,NA
"470","CA3600541","ASSN OF WELL OWNERS","San Bernardino","Transient non-community system",NA,NA,NA
"471","CA5200533","PLUM VALLEY SCHOOL DISTRICT","Tehama","Non-Transient non-community system",NA,NA,NA
"472","CA4500146","POLLARD FLAT","Shasta","Transient non-community system",NA,NA,NA
"473","CA5000484","UNITED PALLET SERVICES INC WATER SYSTEM","Stanislaus","Non-Transient non-community system",NA,NA,NA
"474","CA3601149","GREEN VALLEY CAMPGROUND","San Bernardino","Transient non-community system",NA,NA,NA
"475","CA1700544","LAKE COUNTY CSA 7 - BONANZA SPRINGS","Lake","Community water system",NA,NA,NA
"476","CA1700574","LAKE COUNTY CSA 18 - STARVIEW","Lake","Community water system",NA,NA,NA
"477","CA1700563","LAKE COUNTY CSA 22 - MT. HANNAH","Lake","Community water system",NA,NA,NA
"478","CA1700516","LAKE COUNTY CSA 16 - PARADISE VALLEY","Lake","Community water system",NA,NA,NA
"479","CA1700672","BOATHOUSE RESTAURANT","Lake","Transient non-community system",NA,NA,NA
"480","CA1900827","HILLCREST MOBILE HOME PARK","Los Angeles","Community water system",NA,NA,NA
"481","CA4900643","MOUNT WESKE ESTATES MUTUAL WATER COMPANY","Sonoma","Community water system",NA,NA,NA
"482","CA4900676","SEQUOIA GARDENS MOBILE HOME PARK","Sonoma","Community water system",NA,NA,NA
"483","CA4500273","USFS - MARINERS PT/SKI ISLAND","Shasta","Transient non-community system",NA,NA,NA
"484","CA1502004","ANDREWS AG., INC","Kern","Transient non-community system",NA,NA,NA
"485","CA3000811","CRESCENT WATER ASSOCIATION","Orange","Non-Transient non-community system",NA,NA,NA
"486","CA5200005","TEHAMA CO.-WALNUT ST. COMPLEX","Tehama","Non-Transient non-community system",NA,NA,NA
"487","CA4010831","ESTRELLA CORRECTIONAL FACILITY","San Luis Obispo","Non-Transient non-community system",NA,NA,NA
"488","CA3400210","VINCE'S RESTAURANT","Sacramento","Transient non-community system",NA,NA,NA
"489","CA1900893","CAMP BLOOMFIELD","Los Angeles","Transient non-community system",NA,NA,NA
"490","CA1010056","BROWN WATER SYSTEM","Fresno","Transient non-community system",NA,NA,NA
"491","CA1000160","FRESNO RIFLE & PISTOL CLUB","Fresno","Transient non-community system",NA,NA,NA
"492","CA1900009","ADAMS RANCH MUTUAL WATER COMPANY","Los Angeles","Community water system",NA,NA,NA
"493","CA1900613","CAMP HI HILL","Los Angeles","Transient non-community system",NA,NA,NA
"494","CA1503256","KIDS KOUNTRY PRESCHOOL","Kern","Non-Transient non-community system",NA,NA,NA
"495","CA2000578","PETE'S PLACE (WATER)","Madera","Transient non-community system",NA,NA,NA
"496","CA1100159","HANK APODACA'S WATER SYSTEM","Glenn","Non-Transient non-community system",NA,NA,NA
"497","CA1900639","HATHAWAY-SYCAMORES CHILD FAMILY SVCS","Los Angeles","Community water system",NA,NA,NA
"498","CA1000410","SHORTYS PLACE","Fresno","Community water system",NA,NA,NA
"499","CA0600001","WARD'S BOAT LANDING","Colusa","Transient non-community system",NA,NA,NA
"500","CA4700586","SEIAD SCHOOL","Siskiyou","Non-Transient non-community system",NA,NA,NA
"501","CA1900122","ENVIRONMENTAL CARE INDUSTRIES-VLY CREST","Los Angeles","Non-Transient non-community system",NA,NA,NA
"502","CA0800645","PINE GROVE MAINT. & OPER.","Del Norte","Non-Transient non-community system",NA,NA,NA
"503","CA1502556","I & I FARMS INC.","Kern","Transient non-community system",NA,NA,NA
"504","CA1000162","FRESNO MOTEL","Fresno","Transient non-community system",NA,NA,NA
"505","CA1900946","PALMDALE TRAILER PARK","Los Angeles","Community water system",NA,NA,NA
"506","CA4700850","CALLAHAN WORK CENTER-KNF","Siskiyou","Transient non-community system",NA,NA,NA
"507","CA5304006","BIG BAR RANGER STATION","Trinity","Transient non-community system",NA,NA,NA
"508","CA1502017","WHEELER FARMS HEADQUARTERS","Kern","Community water system",NA,NA,NA
"509","CA2500512","BIG VALLEY PRIMARY SCHOOL","Modoc","Non-Transient non-community system",NA,NA,NA
"510","CA1502158","FALLING WATERS RIVER RESORT","Kern","Transient non-community system",NA,NA,NA
"511","CA2702542","LONOAK RD WS","Monterey","Non-Transient non-community system",NA,NA,NA
"512","CA3901334","BJJ COMPANY LLC","San Joaquin","Non-Transient non-community system",NA,NA,NA
"513","CA3400359","HAMILTON STREET PARK","Sacramento","Transient non-community system",NA,NA,NA
"514","CA5000217","FAITH HOME TEEN RANCH","Stanislaus","Community water system",NA,NA,NA
"515","CA5000271","BUEHNER WATER SYSTEM - WEBER COMPLEX","Stanislaus","Community water system",NA,NA,NA
"516","CA5000308","B & H MANUFACTURING","Stanislaus","Non-Transient non-community system",NA,NA,NA
"517","CA5000388","CARDOZA WATER SYSTEM","Stanislaus","Transient non-community system",NA,NA,NA
"518","CA5401092","SIERRA GLEN STORE","Tulare","Transient non-community system",NA,NA,NA
"519","CA5000077","CERES WEST MHP","Stanislaus","Community water system",NA,NA,NA
"520","CA5000085","GREEN RUN MOBILE ESTATES","Stanislaus","Community water system",NA,NA,NA
"521","CA2800613","LOKOYA REDWOODS","Napa","Community water system",NA,NA,NA
"522","CA2800844","NVUSD: CAPELL VALLEY SCHOOL","Napa","Non-Transient non-community system",NA,NA,NA
"523","CA2800845","NVUSD: WOODEN VALLEY SCHOOL","Napa","Non-Transient non-community system",NA,NA,NA
"524","CA4400539","MANANA WOODS","Santa Cruz","Community water system",NA,NA,NA
"525","CA2800508","CUVAISON VINEYARD","Napa","Transient non-community system",NA,NA,NA
"526","CA5400527","SHILOH WATER CO.","Tulare","Community water system",NA,NA,NA
"527","CA3901035","LODI USD-HENDERSON SCHOOL","San Joaquin","Non-Transient non-community system",NA,NA,NA
"528","CA1900559","CAMP HILLEL HOUSE","Los Angeles","Transient non-community system",NA,NA,NA
"529","CA5403076","CENTRAL CAL TRISTEZA ERAD","Tulare","Transient non-community system",NA,NA,NA
"530","CA5403086","MARTELLA LIVESTOCK AUCTION","Tulare","Transient non-community system",NA,NA,NA
"531","CA5403100","SEVEN CIRCLES RETREAT","Tulare","Transient non-community system",NA,NA,NA
"532","CA4400581","OLYMPIA MUTUAL WATER COMPANY","Santa Cruz","Community water system",NA,NA,NA
"533","CA4400634","APTOS HILLS MUTUAL WATER CO","Santa Cruz","Community water system",NA,NA,NA
"534","CA2800585","MARKLEY COVE RESORT","Napa","Transient non-community system",NA,NA,NA
"535","CA2801054","WHITE SULPHUR SPRINGS RESORT","Napa","Transient non-community system",NA,NA,NA
"536","CA2801025","NEWTON VINEYARD","Napa","Transient non-community system",NA,NA,NA
"537","CA1500511","VR'S TRAILER PARK","Kern","Community water system",NA,NA,NA
"538","CA4500291","JULIAN CHRISTIAN HIGH SCHOOL","Shasta","Community water system",NA,NA,NA
"539","CA3400198","CARA BAY APARTMENTS","Sacramento","Community water system",NA,NA,NA
"540","CA4400626","BAILLERES RENTALS","Santa Cruz","Non-Transient non-community system",NA,NA,NA
"541","CA2702386","CHUALAR CYN WS #11","Monterey","Community water system",NA,NA,NA
"542","CA1300578","WESTSIDE SCHOOL","Imperial","Non-Transient non-community system",NA,NA,NA
"543","CA2800557","CASTLE TROVE, INC.","Napa","Transient non-community system",NA,NA,NA
"544","CA2800575","CALISTOGA RANCH","Napa","Non-Transient non-community system",NA,NA,NA
"545","CA4500002","CALIFORNIA KAMLOOPS","Shasta","Transient non-community system",NA,NA,NA
"546","CA3400421","ROD MCLELLAN CO","Sacramento","Non-Transient non-community system",NA,NA,NA
"547","CA3400249","JOSEPH KERR MIDDLE SCHOOL","Sacramento","Non-Transient non-community system",NA,NA,NA
"548","CA1400001","RANCH HOUSE CAFT","Inyo","Transient non-community system",NA,NA,NA
"549","CA5800807","AERO PINES ASSOCIATION","Yuba","Community water system",NA,NA,NA
"550","CA5800810","BIBLE BAPTIST ACADEMY","Yuba","Non-Transient non-community system",NA,NA,NA
"551","CA5800813","PONDEROSA MOBILE HOME PARK","Yuba","Community water system",NA,NA,NA
"552","CA5800825","GOLDEN ACRES MOBILE HOME PARK","Yuba","Community water system",NA,NA,NA
"553","CA3400423","UCD MEDICAL CENTER","Sacramento","Transient non-community system",NA,NA,NA
"554","CA0300518","ORO MADRE MOOSE LODGE 1761","Amador","Transient non-community system",NA,NA,NA
"555","CA2000516","ROCK CREEK CG WATER SYSTEM","Madera","Transient non-community system",NA,NA,NA
"556","CA2000518","MAMMOTH POOL CG WATER SYSTEM","Madera","Transient non-community system",NA,NA,NA
"557","CA3400332","OXBOW MARINA (SWS)","Sacramento","Community water system",NA,NA,NA
"558","CA3400352","ACORN MOBILE VILLAGE","Sacramento","Community water system",NA,NA,NA
"559","CA0707602","BEACON WEST","Contra Costa","Community water system",NA,NA,NA
"560","CA0706026","MARINE EMPORIUM RICHARDS YACHT","Contra Costa","Transient non-community system",NA,NA,NA
"561","CA5700580","GREEN ACRE SCHOOL CHILD CARE","Yolo","Non-Transient non-community system",NA,NA,NA
"562","CA5700649","WESTUCKY WATER ASSOC","Yolo","Community water system",NA,NA,NA
"563","CA2000614","OAK CREEK INTERMEDIATE SCHOOL","Madera","Non-Transient non-community system",NA,NA,NA
"564","CA2000856","WAGNER'S MAMMOTH POOL RESORT","Madera","Transient non-community system",NA,NA,NA
"565","CA2000621","MINARETS WORK CENTER(WATER)","Madera","Transient non-community system",NA,NA,NA
"566","CA2000925","TIMES SQUARE","Madera","Transient non-community system",NA,NA,NA
"567","CA5700770","NORTH KENTUCKY INDUSTRIAL","Yolo","Transient non-community system",NA,NA,NA
"568","CA0707562","VALLEY ORCHARD  MUTUAL WATER SYSTEM","Contra Costa","Community water system",NA,NA,NA
"569","CA0707567","JEHOVAHS WITNESSE CHURCH","Contra Costa","Non-Transient non-community system",NA,NA,NA
"570","CA5800852","CHRISTOPHER SIMS RENTALS","Yuba","Community water system",NA,NA,NA
"571","CA2000371","OLD BARN TECH CENTER","Madera","Non-Transient non-community system",NA,NA,NA
"572","CA5700600","FAST & EASY MART #54 - WATER","Yolo","Transient non-community system",NA,NA,NA
"573","CA0707558","HERTZ WATER SYSTEM","Contra Costa","Community water system",NA,NA,NA
"574","CA5800878","GEORGE AVENUE APARTMENTS","Yuba","Community water system",NA,NA,NA
"575","CA5800877","NAUMES, INC. WELL #7","Yuba","Community water system",NA,NA,NA
"576","CA5800881","BROWNS VALLEY BAR","Yuba","Transient non-community system",NA,NA,NA
"577","CA2000803","KATIE'S COUNTRY KITCHEN","Madera","Transient non-community system",NA,NA,NA
"578","CA0707580","BALDOCCHI WATER SYSTEM","Contra Costa","Non-Transient non-community system",NA,NA,NA
"579","CA0707581","RIVERVIEW MARINA SWS","Contra Costa","Transient non-community system",NA,NA,NA
"580","CA0409175","NORFIELD INDUSTRIES","Butte","Non-Transient non-community system",NA,NA,NA
"581","CA4100600","LA HONDA PROPERTIES","San Mateo","Community water system",NA,NA,NA
"582","CA5403040","SUHOVY WATER SYSTEM","Tulare","Transient non-community system",NA,NA,NA
"583","CA0300066","BIG TREES MARKET","Amador","Transient non-community system",NA,NA,NA
"584","CA0500012","BLUNDER INN","Calaveras","Transient non-community system",NA,NA,NA
"585","CA5000086","COUNTRYSIDE MHP","Stanislaus","Community water system",NA,NA,NA
"586","CA5000092","OID #49 - GILBERT","Stanislaus","Community water system",NA,NA,NA
"587","CA5000167","STAN CNTY HONOR FARM","Stanislaus","Community water system",NA,NA,NA
"588","CA1800521","HERLONG MOBILEHOME PARK","Lassen","Community water system",NA,NA,NA
"589","CA5500199","WINKIN LANTERN","Tuolumne","Transient non-community system",NA,NA,NA
"590","CA1400063","TECOPA FRANCIS ELEMENTARY SCHOOL","Inyo","Transient non-community system",NA,NA,NA
"591","CA4400806","AVIZA TECHNOLOGY","Santa Cruz","Non-Transient non-community system",NA,NA,NA
"592","CA2702549","HARRISON RD WS #09","Monterey","Non-Transient non-community system",NA,NA,NA
"593","CA3901295","STOCKTON LIVESTOCK AUCTION","","Transient non-community system",NA,NA,NA
"594","CA2701422","OAKRIDGE SUBDIVISION MWC","Monterey","Community water system",NA,NA,NA
"595","CA2600528","CAMP ANTELOPE","Mono","Community water system",NA,NA,NA
"596","CA4400852","BIRDS EYE FOODS","Santa Cruz","Non-Transient non-community system",NA,NA,NA
"597","CA2800298","DBA SILVER ROSE CELLARS","Napa","Non-Transient non-community system",NA,NA,NA
"598","CA2801003","CHATEAU BOSWELL","Napa","Transient non-community system",NA,NA,NA
"599","CA4901197","SILVER OAK WINE CELLARS L.P.","Sonoma","Transient non-community system",NA,NA,NA
"600","CA3303007","IRENE RODRIGUEZ CAMP","Riverside","Transient non-community system",NA,NA,NA
"601","CA5400895","PYTHIAN YOUTH CAMP","Tulare","Transient non-community system",NA,NA,NA
"602","CA2400321","S & S COUNTRY STORE","Merced","Transient non-community system",NA,NA,NA
"603","CA1503274","ED OAKLEY HALL","Kern","Transient non-community system",NA,NA,NA
"604","CA5402043","MONSON MARKET","Tulare","Transient non-community system",NA,NA,NA
"605","CA1503675","BROOKFIELD RENEWABLE POWER WATER SYSTEM","Kern","Non-Transient non-community system",NA,NA,NA
"606","CA1000157","BSA/CAMP KERN","Fresno","Transient non-community system",NA,NA,NA
"607","CA3400446","HAY TONE'S HANGOUT [SWS]","Sacramento","Transient non-community system",NA,NA,NA
"608","CA5400570","CHINOWTH APARTMENTS","Tulare","Community water system",NA,NA,NA
"609","CA5400763","GIUMARRA VINEYARDS 5 & 6","Tulare","Transient non-community system",NA,NA,NA
"610","CA5400966","WESTLAKE VILLAGE MHP","Tulare","Community water system",NA,NA,NA
"611","CA5400762","GIUMARRA VINEYARDS 3 & 4","Tulare","Transient non-community system",NA,NA,NA
"612","CA5400759","GIUMARRA VINEYARDS 1 & 2","Tulare","Transient non-community system",NA,NA,NA
"613","CA1000616","NEW LIFE COMMUNITY CHURCH","Fresno","Transient non-community system",NA,NA,NA
"614","CA5403125","VICTORIAN GARDENS","Tulare","Transient non-community system",NA,NA,NA
"615","CA5700577","ELKHORN SALOON","Yolo","Transient non-community system",NA,NA,NA
"616","CA4700835","MDF-HEADQUARTERS","Siskiyou","Transient non-community system",NA,NA,NA
"617","CA2400312","LA CASCADA","Merced","Transient non-community system",NA,NA,NA
"618","CA4901421","LELAND FLY FISHING OUTFITTERS","Sonoma","Transient non-community system",NA,NA,NA
"619","CA5400555","CITRUS SOUTH TULE SCHOOL","Tulare","Non-Transient non-community system",NA,NA,NA
"620","CA5403038","SPRINGVILLE WATER CO","Tulare","Community water system",NA,NA,NA
"621","CA5403010","VISALIA CITRUS PACKERS-WOODLAKE","Tulare","Non-Transient non-community system",NA,NA,NA
"622","CA1300681","SIMBOL MATERIALS","Imperial","Non-Transient non-community system",NA,NA,NA
"623","CA1000276","ORANGE CENTER SCHOOL","Fresno","Non-Transient non-community system",NA,NA,NA
"624","CA2400214","DOLE LOS CERRITOS WELL","Merced","Transient non-community system",NA,NA,NA
"625","CA2400182","DOLE OAKDALE ROAD WELL","Merced","Transient non-community system",NA,NA,NA
"626","CA2400305","CORNER MARKET AND DELI","Merced","Transient non-community system",NA,NA,NA
"627","CA2400313","LANDER GROCERY AND LIQUOR","Merced","Transient non-community system",NA,NA,NA
"628","CA1503431","COSTA DAIRY FARM","Kern","Non-Transient non-community system",NA,NA,NA
"629","CA1503389","COVANTA DELANO, INC.","Kern","Non-Transient non-community system",NA,NA,NA
"630","CA5401080","LAKE EXPRESS MARKET","Tulare","Transient non-community system",NA,NA,NA
"631","CA3700040","WYNOLA PIZZA EXPRESS","San Diego","Transient non-community system",NA,NA,NA
"632","CA3200163","FRCCSD-Paxton Lodge","Plumas","Transient non-community system",NA,NA,NA
"633","CA2701224","BILL MASSA COMPANY WS**CLOSED**","Monterey","Non-Transient non-community system",NA,NA,NA
"634","CA0706000","LAZY M MARINA","Contra Costa","Transient non-community system",NA,NA,NA
"635","CA0706011","PARK MARINA","Contra Costa","Transient non-community system",NA,NA,NA
"636","CA0706040","LAST RESORT & MARINA LLC","Contra Costa","Transient non-community system",NA,NA,NA
"637","CA0706101","GOLF CLUB AT RODDY RANCH","Contra Costa","Transient non-community system",NA,NA,NA
"638","CA0706108","LONE TREE MEDICAL & DENTAL","Contra Costa","Transient non-community system",NA,NA,NA
"639","CA0707526","CASA DEL RIO WATER SYSTEM","Contra Costa","Transient non-community system",NA,NA,NA
"640","CA5700507","CAPAY JUNCTION","Yolo","Transient non-community system",NA,NA,NA
"641","CA2000743","OAK ROOM  THE","Madera","Transient non-community system",NA,NA,NA
"642","CA2000819","DAVIS TRUST","Madera","Transient non-community system",NA,NA,NA
"643","CA5410033","PRATT MUTUAL WATER CO","Tulare","Community water system",NA,NA,NA
"644","CA1000594","KELLY'S BEACH RESORT","Fresno","Transient non-community system",NA,NA,NA
"645","CA5700724","WILLOW OAK GROCERY - WATER","Yolo","Transient non-community system",NA,NA,NA
"646","CA4200903","THE BLAKENEY WS AT RANCHO EL JABALI","Santa Barbara","Transient non-community system",NA,NA,NA
"647","CA4200638","PARADISE STORE","Santa Barbara","Transient non-community system",NA,NA,NA
"648","CA1600296","OLAM SPICES AND VEGETABLES INC","Kings","Non-Transient non-community system",NA,NA,NA
"649","CA3301243","EL POTRERO GIRL SCOUT CAMP","Riverside","Transient non-community system",NA,NA,NA
"650","CA1400521","CR BRIGGS","Inyo","Non-Transient non-community system",NA,NA,NA
"651","CA1600007","COUTURE FARMS","Kings","Community water system",NA,NA,NA
"652","CA1600008","CENTRAL UNION ELEMENTARY","Kings","Non-Transient non-community system",NA,NA,NA
"653","CA1600048","KETTLEMAN CITY ELEMENTARY","Kings","Non-Transient non-community system",NA,NA,NA
"654","CA3103257","LDS RECREATION BALL PARK","Placer","Transient non-community system",NA,NA,NA
"655","CA4000643","BLACK MOUNTAIN R.V. RESORT","San Luis Obispo","Transient non-community system",NA,NA,NA
"656","CA3900599","SPRING CREEK COUNTRY CLUB","San Joaquin","Transient non-community system",NA,NA,NA
"657","CA2000852","SIX STAR TACKLE BOX TOO","Madera","Transient non-community system",NA,NA,NA
"658","CA2000909","Z FOODS/WATER SYSTEM","Madera","Non-Transient non-community system",NA,NA,NA
"659","CA2000939","BONITA MINI MART - WATER","Madera","Transient non-community system",NA,NA,NA
"660","CA2702566","PREMIUM FRESH FARMS WS","Monterey","Non-Transient non-community system",NA,NA,NA
"661","CA3200063","COPPERCREEK CAMPS, INC.","Plumas","Transient non-community system",NA,NA,NA
"662","CA1310011","COACHELLA VWD: I.D. NO. 11","Imperial","Community water system",NA,NA,NA
"663","CA1503585","WESTERN MILLING WATER SYSTEM","Kern","Transient non-community system",NA,NA,NA
"664","CA1310017","CHP CALEXICO PORT OF ENTRY","Imperial","Non-Transient non-community system",NA,NA,NA
"665","CA1000392","PG&E MARMOT ROCK CAMPGROUND","Fresno","Transient non-community system",NA,NA,NA
"666","CA3400447","OCEAN KING BUILDING (SWS)","Sacramento","Transient non-community system",NA,NA,NA
"667","CA2800548","SILVERADO PINES MOBILE HOME","Napa","Community water system",NA,NA,NA
"668","CA2902376","CAMP AUGUSTA","Nevada","Transient non-community system",NA,NA,NA
"669","CA3100067","LAKE ARTHUR CABINS","Placer","Transient non-community system",NA,NA,NA
"670","CA4300589","MORGAN HILL USD-ENCINAL SCHOOL","Santa Clara","Non-Transient non-community system",NA,NA,NA
"671","CA3200173","WEST END WATER ASSOCIATION","Plumas","Transient non-community system",NA,NA,NA
"672","CA4810018","VACAVILLE SEVENTH DAY ADVENTIST CHURCH","Solano","Non-Transient non-community system",NA,NA,NA
"673","CA0300064","AMADOR CHRISTIAN CENTER","Amador","Transient non-community system",NA,NA,NA
"674","CA3901324","SUBWAY SANDWICHES WATER SYS","San Joaquin","Transient non-community system",NA,NA,NA
"675","CA3901479","PG&E: MANTECA SERVICE CENTER","San Joaquin","Non-Transient non-community system",NA,NA,NA
"676","CA3910029","OAKWOOD LAKE MOBILE HOME PARK","San Joaquin","Community water system",NA,NA,NA
"677","CA3103260","ROBINSON FLAT","Placer","Transient non-community system",NA,NA,NA
"678","CA4500136","KLUB KLONDIKE","Shasta","Transient non-community system",NA,NA,NA
"679","CA4500138","PONDEROSA PINES BAR & GRILL","Shasta","Transient non-community system",NA,NA,NA
"680","CA1500521","BOULDER CANYON WATER ASSOCIATION","Kern","Community water system",NA,NA,NA
"681","CA1700552","HILL NINE AND TEN","Lake","Community water system",NA,NA,NA
"682","CA1700542","BRANDING IRON MUTUAL","Lake","Community water system",NA,NA,NA
"683","CA4110028","PILLAR RIDGE MHP (FORMER EL GRANADA MHP)","San Mateo","Community water system",NA,NA,NA
"684","CA2600557","TIOGA PASS RESORT","Mono","Transient non-community system",NA,NA,NA
"685","CA2600559","GREEN CREEK CAMPGROUND","Mono","Transient non-community system",NA,NA,NA
"686","CA1700735","HAVY'S RESTAURANT","Lake","Transient non-community system",NA,NA,NA
"687","CA4410302","CSP - CASTLE ROCK","Santa Cruz","Transient non-community system",NA,NA,NA
"688","CA4410301","CSP - BIG BASIN STATE PARK","Santa Cruz","Community water system",NA,NA,NA
"689","CA1502724","QUAIL VALLEY WATER DIST-EASTSIDE SYSTEM","Kern","Community water system",NA,NA,NA
"690","CA2710706","CAMP ROBERTS WELL 6A","Monterey","Transient non-community system",NA,NA,NA
"691","CA2400168","FIORINI RANCH","Merced","Transient non-community system",NA,NA,NA
"692","CA5000138","EL RINCON & YOSEMITE HACIENDA MARKET","Stanislaus","Transient non-community system",NA,NA,NA
"693","CA5000238","SUN DRY PRODUCTS-WATER","Stanislaus","Transient non-community system",NA,NA,NA
"694","CA1000512","FRESNO LOGISTICS","Fresno","Non-Transient non-community system",NA,NA,NA
"695","CA4300715","TWIN CREEKS PROPERTIES","Santa Clara","Community water system",NA,NA,NA
"696","CA3301122","LISA J MAILS ELEM SCHOOL- WATER","Riverside","Non-Transient non-community system",NA,NA,NA
"697","CA3302027","EMPIRE POLO CLUB *OOB*","Riverside","Transient non-community system",NA,NA,NA
"698","CA3500526","ARNOLD PARK (O BANNON S MHP)","San Benito","Community water system",NA,NA,NA
"699","CA1503673","LEHR BROS WATER SYSTEM","Kern","Non-Transient non-community system",NA,NA,NA
"700","CA5105006","YUBA CITY USD TRANSPORTATION YARD","Sutter","Non-Transient non-community system",NA,NA,NA
"701","CA5100150","CENTRAL GAITHER SCHOOL","Sutter","Non-Transient non-community system",NA,NA,NA
"702","CA4901391","EVERETT RIDGE WINERY","Sonoma","Transient non-community system",NA,NA,NA
"703","CA3600322","NPS - MID HILLS","San Bernardino","Transient non-community system",NA,NA,NA
"704","CA5603302","LLOYD-BUTLER MUTUAL WATER COMPANY","Ventura","Community water system",NA,NA,NA
"705","CA1502549","POPLAR AVENUE COMMUNITY","Kern","Community water system",NA,NA,NA
"706","CA5400761","LAKE ELOWIN RESORT","Tulare","Transient non-community system",NA,NA,NA
"707","CA3200162","TAYLORSVILLE CAMPGROUND","Plumas","Transient non-community system",NA,NA,NA
"708","CA3200180","CROCKER SPRINGS RV PARK","Plumas","Transient non-community system",NA,NA,NA
"709","CA3200208","Red Barn MHP","Plumas","Transient non-community system",NA,NA,NA
"710","CA4900815","PALMS INN","Sonoma","Non-Transient non-community system",NA,NA,NA
"711","CA1206009","MATTOLE CAMPGROUND BLM","Humboldt","Transient non-community system",NA,NA,NA
"712","CA3210008","EAST QUINCY SERVICES DISTRICT","Plumas","Community water system",NA,NA,NA
"713","CA5403149","RANCHO LOPEZ","Tulare","Community water system",NA,NA,NA
"714","CA5403157","ROBERT JACKSON HOME/BED & BREAKFAST","Tulare","Transient non-community system",NA,NA,NA
"715","CA5400699","KAWEAH HIGH SCHOOL","Tulare","Non-Transient non-community system",NA,NA,NA
"716","CA2400233","GONZALES FOOD FACILITY","Merced","Transient non-community system",NA,NA,NA
"717","CA2400215","STEVINSON RANCH COTTAGES","Merced","Transient non-community system",NA,NA,NA
"718","CA2400176","ST. PAUL LUTHERAN DAY CARE","Merced","Non-Transient non-community system",NA,NA,NA
"719","CA5400651","BEVERLY GRAND MUTUAL WATER","Tulare","Community water system",NA,NA,NA
"720","CA2701057","FOLETTA RD WS #01","Monterey","Transient non-community system",NA,NA,NA
"721","CA0500100","BURSON DONUT","Calaveras","Transient non-community system",NA,NA,NA
"722","CA5403071","THREE RIVERS CHEVRON","Tulare","Transient non-community system",NA,NA,NA
"723","CA5403014","THREE RIVERS LIONS CLUB","Tulare","Transient non-community system",NA,NA,NA
"724","CA4800511","COLLINSVILLE WATER WORKS","Solano","Community water system",NA,NA,NA
"725","CA5401022","THREE RIVERS GOLF COURSE","Tulare","Transient non-community system",NA,NA,NA
"726","CA1502244","SEMI TROPIC SCHOOL WATER SYSTEM","Kern","Non-Transient non-community system",NA,NA,NA
"727","CA2701869","JENSEN RD WS #01","Monterey","Non-Transient non-community system",NA,NA,NA
"728","CA2702564","PACIFIC VALLEY STATION WS","Monterey","Transient non-community system",NA,NA,NA
"729","CA0500101","ANGELS ARM WATER PLANT","Calaveras","Transient non-community system",NA,NA,NA
"730","CA2702250","PICO BLANCO BOY SCOUT CAMP WS","Monterey","Transient non-community system",NA,NA,NA
"731","CA2702553","STONE CREEK VILLAGE WS","Monterey","Transient non-community system",NA,NA,NA
"732","CA1000494","HARVEST MISSIONARY BAPTIST CHURCH","Fresno","Transient non-community system",NA,NA,NA
"733","CA2702354","PRIEST VALLEY STORE WS","Monterey","Transient non-community system",NA,NA,NA
"734","CA2702382","LA TAPATIA TAQUERIA WS","Monterey","Transient non-community system",NA,NA,NA
"735","CA2000227","A & J WATER","Madera","Transient non-community system",NA,NA,NA
"736","CA4200647","COMMUNITY CHRISTIAN SCHOOL","Santa Barbara","Non-Transient non-community system",NA,NA,NA
"737","CA5510502","YOSEMITE NPS-GLEN AULIN","Tuolumne","Transient non-community system",NA,NA,NA
"738","CA2210500","YOSEMITE NPS-MAY LAKE CAMP","Mariposa","Transient non-community system",NA,NA,NA
"739","CA2210518","YOSEMITE NPS - VERNAL FALLS","Mariposa","Transient non-community system",NA,NA,NA
"740","CA2210509","YOSEMITE NPS-VOGELSANG","Mariposa","Transient non-community system",NA,NA,NA
"741","CA2210505","YOSEMITE NPS-SUNRISE HI","Mariposa","Transient non-community system",NA,NA,NA
"742","CA2210504","YOSEMITE NPS-MERCED LAKE CAMP","Mariposa","Transient non-community system",NA,NA,NA
"743","CA5403202","SALLY TRACH WATER SYSTEM","Tulare","Community water system",NA,NA,NA
"744","CA5401053","ACID","Tulare","Transient non-community system",NA,NA,NA
"745","CA5402055","SEQUOIA HEIGHTS CAMPGROUND","Tulare","Transient non-community system",NA,NA,NA
"746","CA3710801","MCCAIN VALLEY CC #21","San Diego","Community water system",NA,NA,NA
"747","CA3301469","DESERT CENTER MINI MART INC","Riverside","Transient non-community system",NA,NA,NA
"748","CA2000514","WAGON WHEEL SUPER MARKET","Madera","Transient non-community system",NA,NA,NA
"749","CA4200700","INDIGO SYSTEMS","Santa Barbara","Non-Transient non-community system",NA,NA,NA
"750","CA2900088","SHINNEYBOO CREEK CABINS","Nevada","Transient non-community system",NA,NA,NA
"751","CA4000201","FIRST BAPTIST CHURCH","San Luis Obispo","Non-Transient non-community system",NA,NA,NA
"752","CA4000207","CLEARWATER NURSERY","San Luis Obispo","Non-Transient non-community system",NA,NA,NA
"753","CA0910010","PLACERVILLE, CITY OF - SIERRA GOLF & CC","El Dorado","Community water system",NA,NA,NA
"754","CA3301732","TEQUILA MARKET","Riverside","Transient non-community system",NA,NA,NA
"755","CA3301584","ROBERTSON HOME FOR BOYS","Riverside","Transient non-community system",NA,NA,NA
"756","CA3301989","ALAMO DISCOUNT STORE","Riverside","Transient non-community system",NA,NA,NA
"757","CA4200661","BEVERLY FABRICS","Santa Barbara","Non-Transient non-community system",NA,NA,NA
"758","CA3301027","BAGDASARIAN 1 & 2","Riverside","Transient non-community system",NA,NA,NA
"759","CA3301526","RAGSDALE WATER","Riverside","Transient non-community system",NA,NA,NA
"760","CA2701575","BUENA VISTA CENTER WS","Monterey","Transient non-community system",NA,NA,NA
"761","CA4000804","TRUMPET VINE CATERING","San Luis Obispo","Transient non-community system",NA,NA,NA
"762","CA3700016","RD S LOG CABIN","San Diego","Transient non-community system",NA,NA,NA
"763","CA3700031","SUNSHINE SUMMIT GENERAL STORE","San Diego","Transient non-community system",NA,NA,NA
"764","CA3700033","IRON DOOR","San Diego","Transient non-community system",NA,NA,NA
"765","CA3500551","Live Oak Water Association","","Community water system",NA,NA,NA
"766","CA1502664","STONYBROOK CORPORATION - LA PAZ","Kern","Non-Transient non-community system",NA,NA,NA
"767","CA2000949","SUMNER PECK RANCH INC FRUITSTAND","Madera","Transient non-community system",NA,NA,NA
"768","CA2000854","NEWLAND COUNTRY STORE","Madera","Transient non-community system",NA,NA,NA
"769","CA4200946","RANCHO LA VINA WINERY","Santa Barbara","Transient non-community system",NA,NA,NA
"770","CA3701218","SUMMIT ESTATES MUTUAL WATER CO.","San Diego","Transient non-community system",NA,NA,NA
"771","CA2800109","PALMAZ VINEYARDS","Napa","Transient non-community system",NA,NA,NA
"772","CA2800031","SIGNORELLO WINERY","Napa","Transient non-community system",NA,NA,NA
"773","CA2800022","CADE WINERY","Napa","Transient non-community system",NA,NA,NA
"774","CA2800011","DANA ESTATES","Napa","Transient non-community system",NA,NA,NA
"775","CA3600140","JUNIPER MWC","San Bernardino","Transient non-community system",NA,NA,NA
"776","CA3600132","LAKEVIEW WATER CO","San Bernardino","Transient non-community system",NA,NA,NA
"777","CA3600111","GREEN ACRES EST IMP ASSOC","San Bernardino","Transient non-community system",NA,NA,NA
"778","CA2800029","AUGUST BRIGGS WINERY","Napa","Transient non-community system",NA,NA,NA
"779","CA2000382","REDS MEADOW RESORT","Madera","Transient non-community system",NA,NA,NA
"780","CA0300679","JACKSON VALLEY ENERGY PARTNERS","Amador","Non-Transient non-community system",NA,NA,NA
"781","CA3601046","SHADID WATER SYSTEMS","San Bernardino","Transient non-community system",NA,NA,NA
"782","CA3601034","VISTA WATER COMPANY","San Bernardino","Transient non-community system",NA,NA,NA
"783","CA3601029","LAKE  WAINANI OWNERS ASSOC","San Bernardino","Transient non-community system",NA,NA,NA
"784","CA3600335","ALPINE WATER SYSTEM","San Bernardino","Transient non-community system",NA,NA,NA
"785","CA3600298","STODDARD VALLEY MWC","San Bernardino","Transient non-community system",NA,NA,NA
"786","CA3600124","HINKLEY HOA","San Bernardino","Transient non-community system",NA,NA,NA
"787","CA3902184","WOODSIDE INVESTMENTS INC DBA MICHAEL & C","San Joaquin","Non-Transient non-community system",NA,NA,NA
"788","CA2802715","NORMAN ALUMBAUGH CO., INC.","Napa","Transient non-community system",NA,NA,NA
"789","CA4000639","BLUE SKY WATER ASSOCIATION","San Luis Obispo","Transient non-community system",NA,NA,NA
"790","CA4000635","SAN LUIS WATER & POWER","San Luis Obispo","Transient non-community system",NA,NA,NA
"791","CA4000608","MESA MUTUAL WATER COMPANY","San Luis Obispo","Transient non-community system",NA,NA,NA
"792","CA4200511","CASMITE CORPORATION","Santa Barbara","Transient non-community system",NA,NA,NA
"793","CA4000658","SWEET SPRINGS MOBILE PARK","San Luis Obispo","Transient non-community system",NA,NA,NA
"794","CA0409182","TUSCAN RIDGE","Butte","Transient non-community system",NA,NA,NA
"795","CA5000390","COLLINS ROAD MARKET","Stanislaus","Transient non-community system",NA,NA,NA
"796","CA5000003","LEDBETTER WATER SYSTEM","Stanislaus","Transient non-community system",NA,NA,NA
"797","CA4500074","GOTCHA CREEK MOBILEHOME PARK","Shasta","Transient non-community system",NA,NA,NA
"798","CA4500242","COUNTRY ESTATES MUTUAL WATER CO.","Shasta","Transient non-community system",NA,NA,NA
"799","CA4500226","RIVER COVE MHP","Shasta","Transient non-community system",NA,NA,NA
"800","CA3701008","RANCHO TRES CEDROS INC","San Diego","Transient non-community system",NA,NA,NA
"801","CA3701006","ROCKCREST WATER SERVICE INC","San Diego","Transient non-community system",NA,NA,NA
"802","CA4500069","CRYSTAL CASSEL MOBILE HOME PARK - INACTI","Shasta","Transient non-community system",NA,NA,NA
"803","CA4000505","NUNES WATER COMPANY","San Luis Obispo","Transient non-community system",NA,NA,NA
"804","CA5000258","FARMER'S CATFISH HOUSE","Stanislaus","Transient non-community system",NA,NA,NA
"805","CA5000098","BAUCUM S COURT","Stanislaus","Transient non-community system",NA,NA,NA
"806","CA2800028","VINEYARD 7 & 8","Napa","Transient non-community system",NA,NA,NA
"807","CA2800017","STAGLIN FAMILY VINEYARDS","Napa","Transient non-community system",NA,NA,NA
"808","CA2801045","ST. CLEMENT VINEYARDS INC.","Napa","Transient non-community system",NA,NA,NA
"809","CA3200010","ALUME INC.","Plumas","Transient non-community system",NA,NA,NA
"810","CA2800632","CANNON PARK WATER CO.","Napa","Transient non-community system",NA,NA,NA
"811","CA1900534","JACKIE ROBINSON COUNTY PARK","Los Angeles","Transient non-community system",NA,NA,NA
"812","CA0901281","30 MILESTONE TRACT #1","El Dorado","Transient non-community system",NA,NA,NA
"813","CA1900664","SKY TERRACE MOBILE HOME PARK","Los Angeles","Community water system",NA,NA,NA
"814","CA1900658","ACTON REHAB CENTER","Los Angeles","Community water system",NA,NA,NA
"815","CA1900127","MOUNT WATERMAN SKI RESORT","Los Angeles","Transient non-community system",NA,NA,NA
"816","CA1400048","TINNEMAHA CAMPGROUND","Inyo","Transient non-community system",NA,NA,NA
"817","CA0400119","HEGAN LANE PARTNERSHIP","Butte","Non-Transient non-community system",NA,NA,NA
"818","CA2800734","WOODLOT ASSOC.,INC.","Napa","Transient non-community system",NA,NA,NA
"819","CA2000917","CRYSTAL FALLS INN","Madera","Transient non-community system",NA,NA,NA
"820","CA2000327","TIA RITA S","Madera","Transient non-community system",NA,NA,NA
"821","CA5403069","FRANZIA-TULARE WINERY","Tulare","Transient non-community system",NA,NA,NA
"822","CA2800724","MAPES HEIGHTS MUTUAL WATER CO","Napa","Transient non-community system",NA,NA,NA
"823","CA3702318","MAGGIE S PLACE","San Diego","Transient non-community system",NA,NA,NA
"824","CA3303041","MONTANO RANCH","Riverside","Transient non-community system",NA,NA,NA
"825","CA2800108","ROUND POND ESTATE WINERY LLC","Napa","Transient non-community system",NA,NA,NA
"826","CA2800038","VINEYARD 29","Napa","Transient non-community system",NA,NA,NA
"827","CA2701824","CABIN OWNERS ASSN WS","Monterey","Transient non-community system",NA,NA,NA
"828","CA2700843","BLACKIE ROAD WATER SYSTEM #6","Monterey","Transient non-community system",NA,NA,NA
"829","CA1300611","SHUEY SHELL CANYON WATER CO.","Imperial","Transient non-community system",NA,NA,NA
"830","CA5403158","EAST VANDALIA WC - WEST","Tulare","Community water system",NA,NA,NA
"831","CA2400319","OASIS MARKET AND LIQUOR","Merced","Transient non-community system",NA,NA,NA
"832","CA0300098","NINE GABLES","Amador","Transient non-community system",NA,NA,NA
"833","CA3901453","TSI TRANS SYSTEM INC","San Joaquin","Transient non-community system",NA,NA,NA
"834","CA2400311","JV PRODUCTS","Merced","Transient non-community system",NA,NA,NA
"835","CA2400308","DOS PALOS CHEVRON","Merced","Transient non-community system",NA,NA,NA
"836","CA2400306","COUNTRY MARKET","Merced","Transient non-community system",NA,NA,NA
"837","CA2400303","APPLEGATE MARKET","Merced","Transient non-community system",NA,NA,NA
"838","CA2400228","ANDERSON NUT COMPANY","Merced","Transient non-community system",NA,NA,NA
"839","CA2800019","MARCIANO WINERY","Napa","Transient non-community system",NA,NA,NA
"840","CA2803137","MUCHO DINERO AQUA CIA WATER","Napa","Transient non-community system",NA,NA,NA
"841","CA2800113","PICKETT ROAD WINE COMPANY","Napa","Non-Transient non-community system",NA,NA,NA
"842","CA3400399","KUHN WATER SYSTEM","Sacramento","Transient non-community system",NA,NA,NA
"843","CA3303085","HITS, INC. - OOB","Riverside","Transient non-community system",NA,NA,NA
"844","CA2702440","BARLOCKER RUSTLING OAKS RANCH WS","Monterey","Transient non-community system",NA,NA,NA
"845","CA4200959","CENTRAL CITY COOLING","Santa Barbara","Non-Transient non-community system",NA,NA,NA
"846","CA4000772","NEWSOM SPRINGS MUTUAL WATER CO","San Luis Obispo","Transient non-community system",NA,NA,NA
"847","CA3301566","LAKE CAHUILLA COUNTY PARK","Riverside","Transient non-community system",NA,NA,NA
"848","CA5400580","ALTA VISTA M H P","Tulare","Community water system",NA,NA,NA
"849","CA5400546","LOPEZ LABOR CAMP","Tulare","Transient non-community system",NA,NA,NA
"850","CA2400047","TOWN FROSTY","Merced","Transient non-community system",NA,NA,NA
"851","CA4000820","KUKKULA INC","San Luis Obispo","Transient non-community system",NA,NA,NA
"852","CA2000665","SHERMAN THOMAS ENTERPRISES","Madera","Transient non-community system",NA,NA,NA
"853","CA3301936","RANCHO JURUPA-RIV.COUNTY PARKS","Riverside","Transient non-community system",NA,NA,NA
"854","CA2702199","THE CHURCH OF GOD - SALINAS WS","Monterey","Transient non-community system",NA,NA,NA
"855","CA3601092","MID HILLS","San Bernardino","Transient non-community system",NA,NA,NA
"856","CA3601091","HOLE-IN-THE-WALL-CAMPGROUND","San Bernardino","Transient non-community system",NA,NA,NA
"857","CA3600389","SUNRISE MHP","San Bernardino","Transient non-community system",NA,NA,NA
"858","CA0900403","EDCOE OBSERVATORY","El Dorado","Transient non-community system",NA,NA,NA
"859","CA3700213","PALOMAR ARTESIAN SPRINGS-SYS 6","San Diego","Transient non-community system",NA,NA,NA
"860","CA2800749","KENT RASMUSSEN WINERY","Napa","Transient non-community system",NA,NA,NA
"861","CA2800719","MUND S MOBILE HOME PARK","Napa","Transient non-community system",NA,NA,NA
"862","CA3301696","UPPER SAN JUAN CAMPGROUND-USFS","Riverside","Transient non-community system",NA,NA,NA
"863","CA3301677","SUNLIGHT BOWLING CENTER","Riverside","Transient non-community system",NA,NA,NA
"864","CA3301888","KONO RANCH #2","Riverside","Transient non-community system",NA,NA,NA
"865","CA3600063","CAMP ANGELUS TR LAND ASSN","San Bernardino","Transient non-community system",NA,NA,NA
"866","CA2000643","FRUTEC/GRAPECO-CLOSED","Madera","Community water system",NA,NA,NA
"867","CA1400151","GUS' WATER","Inyo","Transient non-community system",NA,NA,NA
